Title,Location,Price,Area,Room,Brokerage Firm,Brokerage Firm link
Apartment Marnixstraat,            1016 TC Amsterdam (Jordaan)        ,"                €5,500 per month            ",143 m²,3 rooms,City Housing Amsterdam ,https://www.pararius.com/real-estate-agents/amsterdam/city-housing-amsterdam
Apartment Bilderdijkkade,            1053 VA Amsterdam (Da Costabuurt)        ,"                €1,800 per month            ",57 m²,2 rooms,Amsterdam Housing ,https://www.pararius.com/real-estate-agents/amsterdam/amsterdam-housing
Apartment Faas Wilkesstraat,            1095 MD Amsterdam (Zeeburgereiland/Nieuwe Diep)        ,"                €1,395 per month            ",51 m²,2 rooms,Lemoo ,https://www.pararius.com/real-estate-agents/utrecht/lemoo
Apartment Pieter Cornelisz. Hooftstraat 192,            1071 CH Amsterdam (Museumkwartier)        ,"                €4,000 per month            ",95 m²,3 rooms,De Graaf & Groot Makelaars ,https://www.pararius.com/real-estate-agents/amsterdam/de-graaf-groot-makelaars
Apartment Haarlemmerweg,            1051 LE Amsterdam (Staatsliedenbuurt)        ,"                €1,700 per month            ",42 m²,2 rooms,The Dutch Realty ,https://www.pararius.com/real-estate-agents/amsterdam/the-dutch-realty
Apartment Wijttenbachstraat 12 1,            1093 JB Amsterdam (Dapperbuurt)        ,"                €1,650 per month            ",60 m²,3 rooms,Van Huis Uit Makelaars ,https://www.pararius.com/real-estate-agents/amsterdam/van-huis-uit-makelaars
Apartment Pieter Langendijkstraat 12 2,            1054 ZA Amsterdam (Overtoomse Sluis)        ,"                €1,850 per month            ",63 m²,3 rooms,Van Huis Uit Makelaars ,https://www.pararius.com/real-estate-agents/amsterdam/van-huis-uit-makelaars
Apartment Van Baerlestraat 120,            1071 BD Amsterdam (Museumkwartier)        ,"                €2,250 per month            ",70 m²,3 rooms,Amsterdam Housing ,https://www.pararius.com/real-estate-agents/amsterdam/amsterdam-housing
Apartment Nieuwe Prinsengracht,            1018 VV Amsterdam (Weesperbuurt/Plantage)        ,"                €2,950 per month            ",114 m²,4 rooms,The Rental Agency Amsterdam ,https://www.pararius.com/real-estate-agents/amsterdam/the-rental-agency-amsterdam
Apartment Weesperzijde 6 3,            1091 EA Amsterdam (Weesperzijde)        ,"                €2,600 per month            ",92 m²,3 rooms,Vastgoed Unie Makelaardij ,https://www.pararius.com/real-estate-agents/amsterdam/vastgoed-unie-makelaardij
Apartment Churchill-laan,            1078 EC Amsterdam (Scheldebuurt)        ,"                €3,600 per month            ",97 m²,4 rooms,I-housing ,https://www.pararius.com/real-estate-agents/amsterdam/i-housing
Apartment Weesperzijde,            1091 EJ Amsterdam (Weesperzijde)        ,"                €1,850 per month            ",59 m²,2 rooms,HB Housing ,https://www.pararius.com/real-estate-agents/amsterdam/hb-housing-amsterdam
Apartment Scheldestraat 46 I,            1078 GM Amsterdam (Scheldebuurt)        ,"                €1,825 per month            ",58 m²,3 rooms,BrinkBorgh Makelaardij ,https://www.pararius.com/real-estate-agents/amsterdam/brinkborgh-makelaardij
Apartment Van Nijenrodeweg,            1082 JJ Amsterdam (Buitenveldert-West)        ,"                €1,580 per month            ",35 m²,2 rooms,Orange Wonen ,https://www.pararius.com/real-estate-agents/wormerveer/orange-wonen
Apartment Wouwermanstraat,            1071 LX Amsterdam (Museumkwartier)        ,"                €6,900 per month            ",241 m²,7 rooms,BIC Makelaardij ,https://www.pararius.com/real-estate-agents/amsterdam/bic-makelaardij
Apartment Kerkstraat 127 B,            1017 GE Amsterdam (Grachtengordel-Zuid)        ,"                €2,400 per month            ",84 m²,3 rooms,Vastgoed Unie Makelaardij ,https://www.pararius.com/real-estate-agents/amsterdam/vastgoed-unie-makelaardij
Apartment Kleiburg 8 C,"            1104 EA Amsterdam (Bijlmer Oost (E,G,K))        ","                €1,550 per month            ",79 m²,3 rooms,Hoen Vastgoedbeheer ,https://www.pararius.com/real-estate-agents/amsterdam/hoen-vastgoedbeheer
Apartment Burgemeester Hogguerstraat,            1064 ED Amsterdam (Slotermeer-Zuidwest)        ,"                €1,500 per month            ",50 m²,2 rooms,Expathousing.com (Amsterdam) ,https://www.pararius.com/real-estate-agents/amsterdam/expathousing-com-amsterdam
Apartment Stadionweg 90 3,            1077 SR Amsterdam (Apollobuurt)        ,"                €2,900 per month            ",107 m²,4 rooms,Amsterdam Housing ,https://www.pararius.com/real-estate-agents/amsterdam/amsterdam-housing
Apartment Plantage Muidergracht,            1018 TS Amsterdam (Weesperbuurt/Plantage)        ,"                €1,850 per month            ",50 m²,2 rooms,Marktpand ,https://www.pararius.com/real-estate-agents/utrecht/marktpand
Apartment Keizersgracht 642 B,            1017 ES Amsterdam (Grachtengordel-Zuid)        ,"                €2,500 per month            ",122 m²,2 rooms,Vastgoed Unie Makelaardij ,https://www.pararius.com/real-estate-agents/amsterdam/vastgoed-unie-makelaardij
Apartment Kinkerstraat 41 3V,            1053 DD Amsterdam (Van Lennepbuurt)        ,"                €1,450 per month            ",35 m²,2 rooms,ViaDaan ,https://www.pararius.com/real-estate-agents/eindhoven/viadaan-nijmegen
Apartment Cliostraat 10,            1077 KG Amsterdam (Apollobuurt)        ,"                €2,200 per month            ",108 m²,3 rooms,ViaDaan ,https://www.pararius.com/real-estate-agents/eindhoven/viadaan-nijmegen
Apartment Govert Flinckstraat 113 2A1,            1072 EG Amsterdam (Oude Pijp)        ,"                €1,528 per month            ",35 m²,2 rooms,ViaDaan ,https://www.pararius.com/real-estate-agents/eindhoven/viadaan-nijmegen
Apartment Jan Pieter Heijestraat 151 3,            1054 MG Amsterdam (Helmersbuurt)        ,"                €1,450 per month            ",43 m²,2 rooms,Van Huis Uit Makelaars ,https://www.pararius.com/real-estate-agents/amsterdam/van-huis-uit-makelaars
Apartment De Lairessestraat 152 1,            1075 HL Amsterdam (Willemspark)        ,"                €7,000 per month            ",284 m²,7 rooms,Haagen & Partners ,https://www.pararius.com/real-estate-agents/amsterdam/haagen-partners
Apartment Leidsekade 59 B,            1016 CX Amsterdam (Jordaan)        ,"                €1,850 per month            ",67 m²,2 rooms,Dutch Housing Centre BV ,https://www.pararius.com/real-estate-agents/amsterdam/dutch-housing-centre-bv
House Eurokade,            1060 RZ Amsterdam (Middelveldsche Akerpolder)        ,"                €2,750 per month            ",145 m²,5 rooms,ME Makelaars BV ,https://www.pararius.com/real-estate-agents/amsterdam/me-makelaars-bv
Apartment Churchill-laan 282 2,            1078 GB Amsterdam (Scheldebuurt)        ,"                €2,500 per month            ",95 m²,4 rooms,Van Huis Uit Makelaars ,https://www.pararius.com/real-estate-agents/amsterdam/van-huis-uit-makelaars
Apartment 1e Kekerstraat 169,"            1104 VA Amsterdam (Bijlmer Oost (E,G,K))        ","                €1,500 per month            ",100 m²,3 rooms,Linger OG ,https://www.pararius.com/real-estate-agents/amsterdam/linger-og
Apartment Wanningstraat,            1071 LA Amsterdam (Museumkwartier)        ,"                €2,850 per month            ",160 m²,4 rooms,Draijer Makelaardij & Vastgoedbeheer ,https://www.pararius.com/real-estate-agents/amsterdam/draijer-makelaardij-vastgoedbeheer
Apartment Marnixstraat,            1016 TC Amsterdam (Jordaan)        ,"                €5,500 per month            ",143 m²,3 rooms,City Housing Amsterdam ,https://www.pararius.com/real-estate-agents/amsterdam/city-housing-amsterdam
Apartment Bilderdijkkade,            1053 VA Amsterdam (Da Costabuurt)        ,"                €1,800 per month            ",57 m²,2 rooms,Amsterdam Housing ,https://www.pararius.com/real-estate-agents/amsterdam/amsterdam-housing
Apartment Faas Wilkesstraat,            1095 MD Amsterdam (Zeeburgereiland/Nieuwe Diep)        ,"                €1,395 per month            ",51 m²,2 rooms,Lemoo ,https://www.pararius.com/real-estate-agents/utrecht/lemoo
Apartment Pieter Cornelisz. Hooftstraat 192,            1071 CH Amsterdam (Museumkwartier)        ,"                €4,000 per month            ",95 m²,3 rooms,De Graaf & Groot Makelaars ,https://www.pararius.com/real-estate-agents/amsterdam/de-graaf-groot-makelaars
Apartment Haarlemmerweg,            1051 LE Amsterdam (Staatsliedenbuurt)        ,"                €1,700 per month            ",42 m²,2 rooms,The Dutch Realty ,https://www.pararius.com/real-estate-agents/amsterdam/the-dutch-realty
Apartment Wijttenbachstraat 12 1,            1093 JB Amsterdam (Dapperbuurt)        ,"                €1,650 per month            ",60 m²,3 rooms,Van Huis Uit Makelaars ,https://www.pararius.com/real-estate-agents/amsterdam/van-huis-uit-makelaars
Apartment Pieter Langendijkstraat 12 2,            1054 ZA Amsterdam (Overtoomse Sluis)        ,"                €1,850 per month            ",63 m²,3 rooms,Van Huis Uit Makelaars ,https://www.pararius.com/real-estate-agents/amsterdam/van-huis-uit-makelaars
Apartment Van Baerlestraat 120,            1071 BD Amsterdam (Museumkwartier)        ,"                €2,250 per month            ",70 m²,3 rooms,Amsterdam Housing ,https://www.pararius.com/real-estate-agents/amsterdam/amsterdam-housing
Apartment Nieuwe Prinsengracht,            1018 VV Amsterdam (Weesperbuurt/Plantage)        ,"                €2,950 per month            ",114 m²,4 rooms,The Rental Agency Amsterdam ,https://www.pararius.com/real-estate-agents/amsterdam/the-rental-agency-amsterdam
Apartment Weesperzijde 6 3,            1091 EA Amsterdam (Weesperzijde)        ,"                €2,600 per month            ",92 m²,3 rooms,Vastgoed Unie Makelaardij ,https://www.pararius.com/real-estate-agents/amsterdam/vastgoed-unie-makelaardij
Apartment Churchill-laan,            1078 EC Amsterdam (Scheldebuurt)        ,"                €3,600 per month            ",97 m²,4 rooms,I-housing ,https://www.pararius.com/real-estate-agents/amsterdam/i-housing
Apartment Weesperzijde,            1091 EJ Amsterdam (Weesperzijde)        ,"                €1,850 per month            ",59 m²,2 rooms,HB Housing ,https://www.pararius.com/real-estate-agents/amsterdam/hb-housing-amsterdam
Apartment Scheldestraat 46 I,            1078 GM Amsterdam (Scheldebuurt)        ,"                €1,825 per month            ",58 m²,3 rooms,BrinkBorgh Makelaardij ,https://www.pararius.com/real-estate-agents/amsterdam/brinkborgh-makelaardij
Apartment Van Nijenrodeweg,            1082 JJ Amsterdam (Buitenveldert-West)        ,"                €1,580 per month            ",35 m²,2 rooms,Orange Wonen ,https://www.pararius.com/real-estate-agents/wormerveer/orange-wonen
Apartment Wouwermanstraat,            1071 LX Amsterdam (Museumkwartier)        ,"                €6,900 per month            ",241 m²,7 rooms,BIC Makelaardij ,https://www.pararius.com/real-estate-agents/amsterdam/bic-makelaardij
Apartment Kerkstraat 127 B,            1017 GE Amsterdam (Grachtengordel-Zuid)        ,"                €2,400 per month            ",84 m²,3 rooms,Vastgoed Unie Makelaardij ,https://www.pararius.com/real-estate-agents/amsterdam/vastgoed-unie-makelaardij
Apartment Kleiburg 8 C,"            1104 EA Amsterdam (Bijlmer Oost (E,G,K))        ","                €1,550 per month            ",79 m²,3 rooms,Hoen Vastgoedbeheer ,https://www.pararius.com/real-estate-agents/amsterdam/hoen-vastgoedbeheer
Apartment Burgemeester Hogguerstraat,            1064 ED Amsterdam (Slotermeer-Zuidwest)        ,"                €1,500 per month            ",50 m²,2 rooms,Expathousing.com (Amsterdam) ,https://www.pararius.com/real-estate-agents/amsterdam/expathousing-com-amsterdam
Apartment Stadionweg 90 3,            1077 SR Amsterdam (Apollobuurt)        ,"                €2,900 per month            ",107 m²,4 rooms,Amsterdam Housing ,https://www.pararius.com/real-estate-agents/amsterdam/amsterdam-housing
Apartment Plantage Muidergracht,            1018 TS Amsterdam (Weesperbuurt/Plantage)        ,"                €1,850 per month            ",50 m²,2 rooms,Marktpand ,https://www.pararius.com/real-estate-agents/utrecht/marktpand
Apartment Keizersgracht 642 B,            1017 ES Amsterdam (Grachtengordel-Zuid)        ,"                €2,500 per month            ",122 m²,2 rooms,Vastgoed Unie Makelaardij ,https://www.pararius.com/real-estate-agents/amsterdam/vastgoed-unie-makelaardij
Apartment Kinkerstraat 41 3V,            1053 DD Amsterdam (Van Lennepbuurt)        ,"                €1,450 per month            ",35 m²,2 rooms,ViaDaan ,https://www.pararius.com/real-estate-agents/eindhoven/viadaan-nijmegen
Apartment Cliostraat 10,            1077 KG Amsterdam (Apollobuurt)        ,"                €2,200 per month            ",108 m²,3 rooms,ViaDaan ,https://www.pararius.com/real-estate-agents/eindhoven/viadaan-nijmegen
Apartment Govert Flinckstraat 113 2A1,            1072 EG Amsterdam (Oude Pijp)        ,"                €1,528 per month            ",35 m²,2 rooms,ViaDaan ,https://www.pararius.com/real-estate-agents/eindhoven/viadaan-nijmegen
Apartment Jan Pieter Heijestraat 151 3,            1054 MG Amsterdam (Helmersbuurt)        ,"                €1,450 per month            ",43 m²,2 rooms,Van Huis Uit Makelaars ,https://www.pararius.com/real-estate-agents/amsterdam/van-huis-uit-makelaars
Apartment De Lairessestraat 152 1,            1075 HL Amsterdam (Willemspark)        ,"                €7,000 per month            ",284 m²,7 rooms,Haagen & Partners ,https://www.pararius.com/real-estate-agents/amsterdam/haagen-partners
Apartment Leidsekade 59 B,            1016 CX Amsterdam (Jordaan)        ,"                €1,850 per month            ",67 m²,2 rooms,Dutch Housing Centre BV ,https://www.pararius.com/real-estate-agents/amsterdam/dutch-housing-centre-bv
House Eurokade,            1060 RZ Amsterdam (Middelveldsche Akerpolder)        ,"                €2,750 per month            ",145 m²,5 rooms,ME Makelaars BV ,https://www.pararius.com/real-estate-agents/amsterdam/me-makelaars-bv
Apartment Churchill-laan 282 2,            1078 GB Amsterdam (Scheldebuurt)        ,"                €2,500 per month            ",95 m²,4 rooms,Van Huis Uit Makelaars ,https://www.pararius.com/real-estate-agents/amsterdam/van-huis-uit-makelaars
Apartment 1e Kekerstraat 169,"            1104 VA Amsterdam (Bijlmer Oost (E,G,K))        ","                €1,500 per month            ",100 m²,3 rooms,Linger OG ,https://www.pararius.com/real-estate-agents/amsterdam/linger-og
Apartment Wanningstraat,            1071 LA Amsterdam (Museumkwartier)        ,"                €2,850 per month            ",160 m²,4 rooms,Draijer Makelaardij & Vastgoedbeheer ,https://www.pararius.com/real-estate-agents/amsterdam/draijer-makelaardij-vastgoedbeheer
Apartment Marnixstraat,            1016 TC Amsterdam (Jordaan)        ,"                €5,500 per month            ",143 m²,3 rooms,City Housing Amsterdam ,https://www.pararius.com/real-estate-agents/amsterdam/city-housing-amsterdam
Apartment Frederiksplein,            1017 XN Amsterdam (De Weteringschans)        ,"                €1,900 per month            ",54 m²,2 rooms,Von Poll Real Estate - Centrum ,https://www.pararius.com/real-estate-agents/amsterdam/von-poll-real-estate-centrum
Apartment Eerste Boerhaavestraat,            1091 RZ Amsterdam (Weesperzijde)        ,"                €1,950 per month            ",50 m²,1 room,Housing Experts ,https://www.pararius.com/real-estate-agents/amsterdam/housing-experts
Apartment Van der Hoopstraat,            1051 VN Amsterdam (Staatsliedenbuurt)        ,"                €1,900 per month            ",48 m²,1 room,Hausing ,https://www.pararius.com/real-estate-agents/amsterdam/hausing
Apartment Cornelis Schuytstraat,            1071 JC Amsterdam (Museumkwartier)        ,"                €4,750 per month            ",140 m²,3 rooms,Hausing ,https://www.pararius.com/real-estate-agents/amsterdam/hausing
Apartment Gillis van Ledenberchstraat,            1052 TV Amsterdam (Frederik Hendrikbuurt)        ,"                €2,350 per month            ",85 m²,3 rooms,Hendriks Housing ,https://www.pararius.com/real-estate-agents/amsterdam/hendriks-housing
Apartment Van Heenvlietlaan 190,            1083 CM Amsterdam (Buitenveldert-Oost)        ,"                €2,500 per month            ",117 m²,4 rooms,Pro Real Estate ,https://www.pararius.com/real-estate-agents/amsterdam/pro-real-estate
Apartment Professor J.H. Gunningstraat,            1068 MS Amsterdam (Osdorp-Oost)        ,"                €2,250 per month            ",111 m²,4 rooms,City Homes ,https://www.pararius.com/real-estate-agents/amsterdam/amsterdam-city-homes
Apartment Blaeustraat,            1012 ZK Amsterdam (Burgwallen-Nieuwe Zijde)        ,"                €2,200 per month            ",68 m²,3 rooms,Brockhoff Makelaars ,https://www.pararius.com/real-estate-agents/amstelveen/brockhoff-makelaars-2
Apartment Wibautstraat,            1091 GR Amsterdam (Weesperzijde)        ,"                €2,000 per month            ",80 m²,3 rooms,Huisportaal.nl ,https://www.pararius.com/real-estate-agents/gemert/huisportaal-nl
Apartment Eerste Van Swindenstraat 76 E,            1093 GH Amsterdam (Dapperbuurt)        ,"                €1,900 per month            ",54 m²,3 rooms,Vastgoed Unie Makelaardij ,https://www.pararius.com/real-estate-agents/amsterdam/vastgoed-unie-makelaardij
Apartment Eerste Van Swindenstraat 76 F,            1093 GH Amsterdam (Dapperbuurt)        ,"                €1,700 per month            ",48 m²,2 rooms,Vastgoed Unie Makelaardij ,https://www.pararius.com/real-estate-agents/amsterdam/vastgoed-unie-makelaardij
Apartment Eerste Van Swindenstraat 76 N,            1093 GH Amsterdam (Dapperbuurt)        ,"                €2,500 per month            ",70 m²,4 rooms,Vastgoed Unie Makelaardij ,https://www.pararius.com/real-estate-agents/amsterdam/vastgoed-unie-makelaardij
Apartment Eerste Van Swindenstraat 76 P,            1093 GH Amsterdam (Dapperbuurt)        ,"                €2,500 per month            ",72 m²,4 rooms,Vastgoed Unie Makelaardij ,https://www.pararius.com/real-estate-agents/amsterdam/vastgoed-unie-makelaardij
Apartment Eerste Van Swindenstraat 76 G,            1093 GH Amsterdam (Dapperbuurt)        ,"                €2,500 per month            ",67 m²,3 rooms,Vastgoed Unie Makelaardij ,https://www.pararius.com/real-estate-agents/amsterdam/vastgoed-unie-makelaardij
Apartment Faas Wilkesstraat,            1095 MD Amsterdam (Zeeburgereiland/Nieuwe Diep)        ,"                €2,100 per month            ",87 m²,3 rooms,Lens Real Estate ,https://www.pararius.com/real-estate-agents/amsterdam/lens-real-estate
Apartment Schinkelkade 59 hs,            1075 VL Amsterdam (Schinkelbuurt)        ,"                €1,750 per month            ",55 m²,2 rooms,Koops Makelaardij Amsterdam ,https://www.pararius.com/real-estate-agents/amsterdam/koops-makelaardij-amsterdam
Apartment Overamstelstraat,            1091 TM Amsterdam (Weesperzijde)        ,"                €2,650 per month            ",103 m²,4 rooms,123Wonen Amsterdam ,https://www.pararius.com/real-estate-agents/amsterdam/123wonen-amsterdam
Apartment Badhuiskade 319,            1031 KV Amsterdam (Noordelijke IJ-oevers West)        ,"                €2,600 per month            ",80 m²,3 rooms,Broersma Makelaardij ,https://www.pararius.com/real-estate-agents/amsterdam/broersma-makelaardij
Apartment Nieuwe Kerkstraat 112 O,            1018 VM Amsterdam (Weesperbuurt/Plantage)        ,"                €3,400 per month            ",110 m²,4 rooms,Grand Relocation ,https://www.pararius.com/real-estate-agents/amsterdam/grand-relocation
Apartment Ceintuurbaan 231 1,            1074 CW Amsterdam (Oude Pijp)        ,"                €2,950 per month            ",93 m²,3 rooms,Amsterdam Beautiful Property Rental ,https://www.pararius.com/real-estate-agents/amsterdam/amsterdam-beautiful-property-rental
Apartment Govert Flinckstraat 296 3,            1073 CH Amsterdam (Oude Pijp)        ,"                €2,250 per month            ",84 m²,2 rooms,The Rental Agency Amsterdam ,https://www.pararius.com/real-estate-agents/amsterdam/the-rental-agency-amsterdam
Apartment Leeuwenwerf,            1018 JX Amsterdam (Oostelijke Eilanden/Kadijken)        ,"                €1,950 per month            ",90 m²,4 rooms,Rosmuller Makelaars ,https://www.pararius.com/real-estate-agents/amsterdam/rosmuller-makelaars
Apartment Rozengracht,            1016 ND Amsterdam (Jordaan)        ,"                €2,100 per month            ",77 m²,2 rooms,Keizerskroon makelaars ,https://www.pararius.com/real-estate-agents/amsterdam/keizerskroon-makelaars-2
Apartment Spaarndammerdijk,            1013 ZW Amsterdam (Spaarndammer- en Zeeheldenbuurt)        ,"                €1,600 per month            ",65 m²,2 rooms,HB Housing ,https://www.pararius.com/real-estate-agents/amsterdam/hb-housing-amsterdam
Apartment Marius Bauerstraat,            1062 AL Amsterdam (Overtoomse Veld)        ,"                €1,695 per month            ",75 m²,3 rooms,People On The Move Expat Brokers ,https://www.pararius.com/real-estate-agents/amsterdam/people-on-the-move-expat-brokers
Apartment Rooseveltlaan,            1079 AB Amsterdam (Scheldebuurt)        ,"                €2,450 per month            ",110 m²,4 rooms,Hausing ,https://www.pararius.com/real-estate-agents/amsterdam/hausing
Apartment Vogelenzangstraat 7 ²,            1058 SM Amsterdam (Hoofddorppleinbuurt)        ,"                €1,672 per month            ",75 m²,3 rooms,Allround Housing ,https://www.pararius.com/real-estate-agents/amsterdam/allround-housing
Apartment Linnaeusparkweg 82 I,            1098 EH Amsterdam (Middenmeer)        ,"                €2,900 per month            ",123 m²,4 rooms,De Heren van Snoek Makelaardij v.o.f. ,https://www.pararius.com/real-estate-agents/amsterdam/de-heren-van-snoek-makelaardij-v-o-f
Apartment Bronckhorststraat,            1071 WS Amsterdam (Museumkwartier)        ,"                €2,150 per month            ",88 m²,3 rooms,Rotsvast Amsterdam ,https://www.pararius.com/real-estate-agents/amsterdam/rotsvast-amsterdam
Apartment Joos Banckersplantsoen 2,            1056 LC Amsterdam (Landlust)        ,"                €1,675 per month            ",100 m²,2 rooms,Openkoop Makelaardij ,https://www.pararius.com/real-estate-agents/baarn/openkoop-makelaardij
Apartment Marnixstraat,            1016 TC Amsterdam (Jordaan)        ,"                €5,500 per month            ",143 m²,3 rooms,City Housing Amsterdam ,https://www.pararius.com/real-estate-agents/amsterdam/city-housing-amsterdam
Apartment Oosteinde,            1017 WT Amsterdam (De Weteringschans)        ,"                €3,950 per month            ",138 m²,6 rooms,Vondel Makelaars ,https://www.pararius.com/real-estate-agents/amsterdam/vondel-makelaars
Apartment Emmastraat,            1071 JA Amsterdam (Museumkwartier)        ,"                €8,750 per month            ",225 m²,5 rooms,Hausing ,https://www.pararius.com/real-estate-agents/amsterdam/hausing
Apartment Van Oldenbarneveldtstraat,            1052 JT Amsterdam (Frederik Hendrikbuurt)        ,"                €3,250 per month            ",135 m²,4 rooms,Hausing ,https://www.pararius.com/real-estate-agents/amsterdam/hausing
Apartment Honingen 28,            1083 JP Amsterdam (Buitenveldert-Oost)        ,"                €1,850 per month            ",86 m²,3 rooms,Renthouse Vastgoed ,https://www.pararius.com/real-estate-agents/amsterdam/renthouse-vastgoed
Apartment Kempenlaan 22,            1066 PX Amsterdam (Sloter-/Riekerpolder)        ,"                €1,950 per month            ",88 m²,4 rooms,People On The Move Expat Brokers ,https://www.pararius.com/real-estate-agents/amsterdam/people-on-the-move-expat-brokers
Apartment Govert Flinckstraat,            1072 ED Amsterdam (Oude Pijp)        ,"                €1,950 per month            ",48 m²,2 rooms,Koops Makelaardij Amsterdam ,https://www.pararius.com/real-estate-agents/amsterdam/koops-makelaardij-amsterdam-2
Apartment Westerstraat 91 1,            1015 LX Amsterdam (Jordaan)        ,"                €1,750 per month            ",44 m²,2 rooms,The Tenants Group ,https://www.pararius.com/real-estate-agents/amsterdam/the-tenants-group
Apartment Koningin Wilhelminaplein,            1062 KS Amsterdam (Westlandgracht)        ,"                €2,150 per month            ",90 m²,3 rooms,Skyreach Stay ,https://www.pararius.com/real-estate-agents/amsterdam/skyreach-stay
Apartment Koningin Wilhelminaplein,            1062 KS Amsterdam (Westlandgracht)        ,"                €2,050 per month            ",90 m²,3 rooms,Skyreach Stay ,https://www.pararius.com/real-estate-agents/amsterdam/skyreach-stay
Apartment Osdorpplein,            1068 EM Amsterdam (Osdorp-Oost)        ,"                €1,695 per month            ",95 m²,4 rooms,People On The Move Expat Brokers ,https://www.pararius.com/real-estate-agents/amsterdam/people-on-the-move-expat-brokers
Apartment Marie Heinekenplein 109,            1072 MK Amsterdam (Oude Pijp)        ,"                €2,250 per month            ",78 m²,3 rooms,Yourhome Makelaars ,https://www.pararius.com/real-estate-agents/amsterdam/yourhome-makelaars
House Ouderkerkerdijk,            1096 CR Amsterdam (Omval/Overamstel)        ,"                €7,500 per month            ",200 m²,6 rooms,First Class Housing ,https://www.pararius.com/real-estate-agents/amstelveen/first-class-housing
Apartment Henrick de Keijserstraat 22 2,            1073 TH Amsterdam (Nieuwe Pijp)        ,"                €1,850 per month            ",48 m²,1 room,H.C.A ,https://www.pararius.com/real-estate-agents/utrecht/h-c-a
House Fred Petterbaan,            1019 JT Amsterdam (Oostelijk Havengebied)        ,"                €4,500 per month            ",175 m²,5 rooms,WSM Real Estate ,https://www.pararius.com/real-estate-agents/amsterdam/wsm-real-estate
Studio Johan van der Keukenstraat 87 D,            1087 BC Amsterdam (IJburg West)        ,"                €1,300 per month            ",47 m²,1 room,ViaDaan ,https://www.pararius.com/real-estate-agents/eindhoven/viadaan-nijmegen
House Weesperzijde,            1091 EL Amsterdam (Weesperzijde)        ,"                €4,950 per month            ",200 m²,6 rooms,Urban Homies ,https://www.pararius.com/real-estate-agents/amsterdam/urban-homies
Apartment Weteringschans 102 1,            1017 XS Amsterdam (De Weteringschans)        ,"                €2,300 per month            ",80 m²,3 rooms,Broersma Makelaardij ,https://www.pararius.com/real-estate-agents/amsterdam/broersma-makelaardij
Apartment Tweede Hugo de Grootstraat,            1052 LC Amsterdam (Frederik Hendrikbuurt)        ,"                €1,675 per month            ",50 m²,2 rooms,Expathousing.com (Amsterdam) ,https://www.pararius.com/real-estate-agents/amsterdam/expathousing-com-amsterdam
Apartment Tweede Hugo de Grootstraat,            1052 LC Amsterdam (Frederik Hendrikbuurt)        ,"                €1,675 per month            ",50 m²,2 rooms,Expathousing.com (Amsterdam) ,https://www.pararius.com/real-estate-agents/amsterdam/expathousing-com-amsterdam
Apartment Tweede Hugo de Grootstraat,            1052 LC Amsterdam (Frederik Hendrikbuurt)        ,"                €1,875 per month            ",52 m²,2 rooms,Expathousing.com (Amsterdam) ,https://www.pararius.com/real-estate-agents/amsterdam/expathousing-com-amsterdam
Apartment Tweede Hugo de Grootstraat,            1052 LC Amsterdam (Frederik Hendrikbuurt)        ,"                €1,875 per month            ",53 m²,2 rooms,Expathousing.com (Amsterdam) ,https://www.pararius.com/real-estate-agents/amsterdam/expathousing-com-amsterdam
Apartment Oudezijds Achterburgwal,            1012 DX Amsterdam (Burgwallen-Oude Zijde)        ,"                €2,800 per month            ",106 m²,4 rooms,AirDia Real Estate ,https://www.pararius.com/real-estate-agents/amsterdam/airdia-real-estate
Apartment Cabotstraat 20 2,            1057 VR Amsterdam (Hoofdweg e.o.)        ,"                €2,100 per month            ",91 m²,3 rooms,Amstel Property Agency ,https://www.pararius.com/real-estate-agents/amsterdam/amstel-property-agency
Apartment Leidsegracht,            1017 ND Amsterdam (De Weteringschans)        ,"                €2,250 per month            ",70 m²,2 rooms,Housing Experts ,https://www.pararius.com/real-estate-agents/amsterdam/housing-experts
Apartment Keizersgracht 692 D,            1017 EV Amsterdam (Grachtengordel-Zuid)        ,"                €3,000 per month            ",105 m²,4 rooms,Hoen Makelaars ,https://www.pararius.com/real-estate-agents/amsterdam/hoen-makelaars
Apartment Bloemgracht,            1015 TP Amsterdam (Jordaan)        ,"                €2,750 per month            ",80 m²,3 rooms,Clairesrealestate ,https://www.pararius.com/real-estate-agents/amsterdam/clairesrealestate
Apartment Andreas Bonnstraat 32 hs,            1091 AZ Amsterdam (Oosterparkbuurt)        ,"                €2,400 per month            ",86 m²,3 rooms,JLG Real Estate ,https://www.pararius.com/real-estate-agents/amsterdam/jlg-real-estate
House Utrechtsedwarsstraat 112,            1017 WJ Amsterdam (De Weteringschans)        ,"                €4,900 per month            ",197 m²,6 rooms,JLG Real Estate ,https://www.pararius.com/real-estate-agents/amsterdam/jlg-real-estate
Apartment Mensinge 70,            1083 HG Amsterdam (Buitenveldert-Oost)        ,"                €2,200 per month            ",108 m²,3 rooms,A1 Executive Estate ,https://www.pararius.com/real-estate-agents/amsterdam/a1-executive-estate
Apartment Schierstins,            1082 TC Amsterdam (Buitenveldert-West)        ,"                €2,100 per month            ",68 m²,3 rooms,ME Makelaars BV ,https://www.pararius.com/real-estate-agents/amsterdam/me-makelaars-bv
Apartment Marnixstraat,            1016 TC Amsterdam (Jordaan)        ,"                €5,500 per month            ",143 m²,3 rooms,City Housing Amsterdam ,https://www.pararius.com/real-estate-agents/amsterdam/city-housing-amsterdam
House A. Reitsmakade,            1060 RJ Amsterdam (Middelveldsche Akerpolder)        ,"                €3,600 per month            ",140 m²,5 rooms,Amsterdam Property Renting ,https://www.pararius.com/real-estate-agents/amsterdam/amsterdam-property-renting
Apartment Prinsenstraat 12 A,            1015 DC Amsterdam (Grachtengordel-West)        ,"                €2,500 per month            ",90 m²,3 rooms,Dutch Housing Centre BV ,https://www.pararius.com/real-estate-agents/amsterdam/dutch-housing-centre-bv
Apartment Derde Kostverlorenkade 23 III+IV,            1054 TP Amsterdam (Overtoomse Sluis)        ,"                €2,500 per month            ",112 m²,3 rooms,Dutch Housing Centre BV ,https://www.pararius.com/real-estate-agents/amsterdam/dutch-housing-centre-bv
Apartment Leidsekade,            1017 PM Amsterdam (De Weteringschans)        ,"                €2,750 per month            ",66 m²,2 rooms,Compass Housing Amsterdam ,https://www.pararius.com/real-estate-agents/amsterdam/compass-housing-amsterdam
Apartment Leidsekade,            1017 PM Amsterdam (De Weteringschans)        ,"                €2,750 per month            ",80 m²,2 rooms,Compass Housing Amsterdam ,https://www.pararius.com/real-estate-agents/amsterdam/compass-housing-amsterdam
Apartment Eerste Jan Steenstraat,            1072 NN Amsterdam (Oude Pijp)        ,"                €1,950 per month            ",55 m²,3 rooms,Expats. Amsterdam Rentals ,https://www.pararius.com/real-estate-agents/amsterdam/expats-amsterdam-rentals-2
Apartment Looiersgracht 26,            1016 VS Amsterdam (Jordaan)        ,"                €2,400 per month            ",100 m²,3 rooms,Amsterdam Wonen ,https://www.pararius.com/real-estate-agents/amsterdam/amsterdam-wonen-2
Apartment Eerste Jan van der Heijdenstraat,            1072 TR Amsterdam (Oude Pijp)        ,"                €2,750 per month            ",84 m²,3 rooms,Valerius Rentals ,https://www.pararius.com/real-estate-agents/amsterdam/valerius-rentals
Apartment Lambertus Zijlplein,            1067 JS Amsterdam (Geuzenveld)        ,"                €2,000 per month            ",80 m²,3 rooms,Imperio Vastgoed ,https://www.pararius.com/real-estate-agents/koog-aan-de-zaan/imperio-vastgoed
Apartment Prinsengracht 657 D,            1016 HV Amsterdam (Grachtengordel-West)        ,"                €1,600 per month            ",45 m²,2 rooms,Yourhome Makelaars ,https://www.pararius.com/real-estate-agents/amsterdam/yourhome-makelaars
Apartment Van Tuyll van Serooskerkenweg,            1076 JD Amsterdam (Stadionbuurt)        ,"                €2,500 per month            ",70 m²,4 rooms,Expathousing.com (Amsterdam) ,https://www.pararius.com/real-estate-agents/amsterdam/expathousing-com-amsterdam
House Nieuwendammerdijk,            1023 BN Amsterdam (Nieuwendammerdijk/Buiksloterdijk)        ,"                €4,000 per month            ",160 m²,5 rooms,Nieuw Amsterdams Huys ,https://www.pararius.com/real-estate-agents/amsterdam/nieuw-amsterdams-huys
Apartment Barentszplein,            1013 NJ Amsterdam (Spaarndammer- en Zeeheldenbuurt)        ,"                €1,950 per month            ",60 m²,2 rooms,Keizerskroon makelaars ,https://www.pararius.com/real-estate-agents/amsterdam/keizerskroon-makelaars-2
Apartment Jozef Israëlskade 12 A,            1072 RT Amsterdam (Nieuwe Pijp)        ,"                €2,600 per month            ",84 m²,3 rooms,Grand Relocation ,https://www.pararius.com/real-estate-agents/amsterdam/grand-relocation
Apartment Jan den Haenstraat,            1055 WB Amsterdam (Landlust)        ,"                €2,500 per month            ",90 m²,3 rooms,Interhouse verhuurmakelaars Amsterdam ,https://www.pararius.com/real-estate-agents/amsterdam/interhouse-verhuurmakelaars-amsterdam
Studio Bos en Lommerplantsoen 27 C,            1055 AA Amsterdam (De Kolenkit)        ,"                €1,447 per month            ",30 m²,1 room,ViaDaan ,https://www.pararius.com/real-estate-agents/eindhoven/viadaan-nijmegen
Apartment Van Woustraat,            1074 AG Amsterdam (Nieuwe Pijp)        ,"                €1,250 per month            ",37 m²,2 rooms,RE/MAX Pro ,https://www.pararius.com/real-estate-agents/amsterdam/re-max-pro
Apartment Rijnsburgstraat,            1059 AX Amsterdam (Hoofddorppleinbuurt)        ,"                €1,795 per month            ",59 m²,3 rooms,Expathousing.com (Amsterdam) ,https://www.pararius.com/real-estate-agents/amsterdam/expathousing-com-amsterdam
Apartment Revaleiland 49,            1014 ZG Amsterdam (Houthavens)        ,"                €2,250 per month            ",81 m²,3 rooms,Dutch Housing Centre BV ,https://www.pararius.com/real-estate-agents/amsterdam/dutch-housing-centre-bv
Apartment Van Eeghenstraat 103 2,            1071 EZ Amsterdam (Museumkwartier)        ,"                €5,000 per month            ",204 m²,6 rooms,Broersma Makelaardij ,https://www.pararius.com/real-estate-agents/amsterdam/broersma-makelaardij
Apartment Nieuwezijds Voorburgwal 118 E,            1012 SH Amsterdam (Burgwallen-Nieuwe Zijde)        ,"                €2,000 per month            ",95 m²,3 rooms,FRIS Vastgoed Management ,https://www.pararius.com/real-estate-agents/amsterdam/fris-vastgoed-management-amsterdam
Apartment Marnixstraat 341,            1016 TD Amsterdam (Jordaan)        ,"                €2,350 per month            ",80 m²,3 rooms,Expats. Amsterdam Rentals ,https://www.pararius.com/real-estate-agents/amsterdam/expats-amsterdam-rentals-2
House Bongart,            1082 BB Amsterdam (Buitenveldert-West)        ,"                €2,450 per month            ",110 m²,4 rooms,Rotsvast Amsterdam ,https://www.pararius.com/real-estate-agents/amsterdam/rotsvast-amsterdam
Apartment Leidsekade,            1016 CW Amsterdam (Jordaan)        ,"                €3,000 per month            ",130 m²,3 rooms,NOORESTATE ,https://www.pararius.com/real-estate-agents/amsterdam/noorestate-amsterdam
Apartment Roerstraat,            1078 LL Amsterdam (Scheldebuurt)        ,"                €2,300 per month            ",75 m²,3 rooms,Ramón Mossel Makelaardij ,https://www.pararius.com/real-estate-agents/amsterdam/ramon-mossel-makelaardij-amsterdam-2
Apartment Sarphatipark 83 H,            1073 CT Amsterdam (Oude Pijp)        ,"                €3,500 per month            ",150 m²,5 rooms,JLG Real Estate ,https://www.pararius.com/real-estate-agents/amsterdam/jlg-real-estate
Apartment IJdok 91 *,            1013 MM Amsterdam (Haarlemmerbuurt)        ,"                €3,250 per month            ",130 m²,3 rooms,A1 Executive Estate ,https://www.pararius.com/real-estate-agents/amsterdam/a1-executive-estate
Apartment Pieter de Hoochstraat 34 hs,            1071 EG Amsterdam (Museumkwartier)        ,"                €8,500 per month            ",175 m²,5 rooms,Broersma Makelaardij ,https://www.pararius.com/real-estate-agents/amsterdam/broersma-makelaardij
Apartment Jacques Veltmanstraat,            1065 EG Amsterdam (Slotervaart Zuid)        ,"                €2,500 per month            ",128 m²,4 rooms,BenS Makelaars ,https://www.pararius.com/real-estate-agents/amsterdam/bens-makelaars
Apartment Rinus Michelslaan,            1061 MB Amsterdam (De Kolenkit)        ,"                €2,200 per month            ",61 m²,3 rooms,Amsterdam Rentals ,https://www.pararius.com/real-estate-agents/amsterdam/amsterdam-rentals
Apartment Marnixstraat,            1016 TC Amsterdam (Jordaan)        ,"                €5,500 per month            ",143 m²,3 rooms,City Housing Amsterdam ,https://www.pararius.com/real-estate-agents/amsterdam/city-housing-amsterdam
Apartment Nieuwe Prinsengracht,            1018 VT Amsterdam (Weesperbuurt/Plantage)        ,"                €2,100 per month            ",75 m²,2 rooms,City Homes ,https://www.pararius.com/real-estate-agents/amsterdam/amsterdam-city-homes
Apartment Overtoom 552 3,            1054 LM Amsterdam (Overtoomse Sluis)        ,"                €1,895 per month            ",68 m²,4 rooms,LIV Residential ,https://www.pararius.com/real-estate-agents/amsterdam/liv-residential-amsterdam-4
Apartment Prinsengracht,            1017 KG Amsterdam (De Weteringschans)        ,"                €2,375 per month            ",95 m²,3 rooms,Inxxx Rentals ,https://www.pararius.com/real-estate-agents/amsterdam/inxxx-rentals
Apartment Van Ostadestraat,            1074 VW Amsterdam (Nieuwe Pijp)        ,"                €2,000 per month            ",43 m²,3 rooms,BIC Makelaardij ,https://www.pararius.com/real-estate-agents/amsterdam/bic-makelaardij
House Den Texstraat,            1017 ZC Amsterdam (De Weteringschans)        ,"                €3,000 per month            ",125 m²,4 rooms,123Wonen Amsterdam ,https://www.pararius.com/real-estate-agents/amsterdam/123wonen-amsterdam
Apartment Osdorper Ban,            1069 GA Amsterdam (Osdorp-Midden)        ,"                €2,150 per month            ",120 m²,4 rooms,Expats. Amsterdam Rentals ,https://www.pararius.com/real-estate-agents/amsterdam/expats-amsterdam-rentals-2
Apartment Prinsengracht,            1017 KP Amsterdam (Grachtengordel-Zuid)        ,"                €2,150 per month            ",100 m²,2 rooms,Interhouse verhuurmakelaars Amsterdam ,https://www.pararius.com/real-estate-agents/amsterdam/interhouse-verhuurmakelaars-amsterdam
Apartment Hoofdweg 893,            1055 SC Amsterdam (De Kolenkit)        ,"                €1,950 per month            ",82 m²,3 rooms,HousingNet ,https://www.pararius.com/real-estate-agents/amsterdam/housingnet
Apartment Dirk Schäferstraat 33 1,            1076 BB Amsterdam (Prinses Irenebuurt e.o.)        ,"                €2,250 per month            ",95 m²,3 rooms,Prinsen Residence International ,https://www.pararius.com/real-estate-agents/amsterdam/prinsen-residence-international
Apartment Admiralengracht,            1057 ET Amsterdam (Hoofdweg e.o.)        ,"                €1,850 per month            ",54 m²,3 rooms,BIC Makelaardij ,https://www.pararius.com/real-estate-agents/amsterdam/bic-makelaardij
Apartment Pieter Oosterhuisstraat,            1087 HT Amsterdam (IJburg Zuid)        ,"                €2,350 per month            ",112 m²,3 rooms,Expats. Amsterdam Rentals ,https://www.pararius.com/real-estate-agents/amsterdam/expats-amsterdam-rentals-2
Apartment Van Breestraat,            1071 ZW Amsterdam (Museumkwartier)        ,"                €1,950 per month            ",68 m²,2 rooms,Expats. Amsterdam Rentals ,https://www.pararius.com/real-estate-agents/amsterdam/expats-amsterdam-rentals-2
Apartment Marco Polostraat,            1057 WR Amsterdam (Hoofdweg e.o.)        ,"                €1,850 per month            ",55 m²,2 rooms,Expats. Amsterdam Rentals ,https://www.pararius.com/real-estate-agents/amsterdam/expats-amsterdam-rentals-2
Apartment Van Tuyll van Serooskerkenweg 146 2,            1076 JT Amsterdam (Stadionbuurt)        ,"                €2,490 per month            ",85 m²,4 rooms,Huizenbalie.nl ,https://www.pararius.com/real-estate-agents/tilburg/huizenbalie-nl
Apartment Koningslaan 39 E,            1075 AB Amsterdam (Willemspark)        ,"                €4,350 per month            ",103 m²,3 rooms,Broersma Makelaardij ,https://www.pararius.com/real-estate-agents/amsterdam/broersma-makelaardij
Apartment Van Boshuizenstraat 161,            1083 AT Amsterdam (Buitenveldert-Oost)        ,"                €1,600 per month            ",70 m²,3 rooms,Yourhome Makelaars ,https://www.pararius.com/real-estate-agents/amsterdam/yourhome-makelaars
Apartment Ferdinand Bolstraat 136 A,            1072 LR Amsterdam (Oude Pijp)        ,"                €3,250 per month            ",68 m²,3 rooms,Mid-stay Apartments ,https://www.pararius.com/real-estate-agents/amsterdam/mid-stay-apartments
Apartment Tweede Helmersstraat 22 2,            1054 CJ Amsterdam (Helmersbuurt)        ,"                €2,150 per month            ",65 m²,2 rooms,Parker & Williams Real Estate Services ,https://www.pararius.com/real-estate-agents/amsterdam/parker-williams-real-estate-services
Apartment De Wittenkade,            1052 AC Amsterdam (Staatsliedenbuurt)        ,"                €2,750 per month            ",130 m²,5 rooms,Expats. Amsterdam Rentals ,https://www.pararius.com/real-estate-agents/amsterdam/expats-amsterdam-rentals-2
Apartment Rietwijkerstraat,            1059 VV Amsterdam (Hoofddorppleinbuurt)        ,"                €2,500 per month            ",113 m²,6 rooms,Rebid ,https://www.pararius.com/real-estate-agents/amsterdam/rebid
Apartment Evertsweertplantsoen 22,            1069 RL Amsterdam (Osdorp-Midden)        ,"                €1,995 per month            ",60 m²,2 rooms,ViaDaan ,https://www.pararius.com/real-estate-agents/eindhoven/viadaan-nijmegen
House Domela Nieuwenhuisstraat,            1069 SH Amsterdam (Osdorp-Midden)        ,"                €2,950 per month            ",144 m²,5 rooms,RE/MAX Pro ,https://www.pararius.com/real-estate-agents/amsterdam/re-max-pro
Apartment Termini 287,            1025 XM Amsterdam (Buikslotermeer)        ,"                €1,275 per month            ",62 m²,2 rooms,LIV Residential ,https://www.pararius.com/real-estate-agents/amsterdam/liv-residential-amsterdam-4
Apartment Termini 365,            1025 XM Amsterdam (Buikslotermeer)        ,"                €1,520 per month            ",78 m²,3 rooms,LIV Residential ,https://www.pararius.com/real-estate-agents/amsterdam/liv-residential-amsterdam-4
Apartment Termini 345,            1025 XM Amsterdam (Buikslotermeer)        ,"                €1,520 per month            ",76 m²,3 rooms,LIV Residential ,https://www.pararius.com/real-estate-agents/amsterdam/liv-residential-amsterdam-4
Apartment Recht Boomssloot 30 sous,            1011 EB Amsterdam (Nieuwmarkt/Lastage)        ,"                €1,700 per month            ",52 m²,2 rooms,BrinkBorgh Makelaardij ,https://www.pararius.com/real-estate-agents/amsterdam/brinkborgh-makelaardij
Apartment Koninginneweg 144 III,            1075 ED Amsterdam (Willemspark)        ,"                €2,700 per month            ",90 m²,4 rooms,Engel en Volkers Amsterdam ,https://www.pararius.com/real-estate-agents/amsterdam/engel-en-volkers-amsterdam-3
Apartment Den Texstraat,            1017 XW Amsterdam (De Weteringschans)        ,"                €2,500 per month            ",66 m²,3 rooms,Brinkman Fine Real Estate ,https://www.pararius.com/real-estate-agents/amsterdam/brinkman-fine-real-estate
Apartment Stadionkade,            1076 BK Amsterdam (Stadionbuurt)        ,"                €2,350 per month            ",100 m²,3 rooms,City Homes ,https://www.pararius.com/real-estate-agents/amsterdam/amsterdam-city-homes
Apartment Brouwersgracht 248 F,            1013 HE Amsterdam (Haarlemmerbuurt)        ,"                €1,800 per month            ",62 m²,2 rooms,Van Keulen Beheer B.V. ,https://www.pararius.com/real-estate-agents/blaricum/van-keulen-beheer-b-v
Apartment Marnixstraat,            1016 TC Amsterdam (Jordaan)        ,"                €5,500 per month            ",143 m²,3 rooms,City Housing Amsterdam ,https://www.pararius.com/real-estate-agents/amsterdam/city-housing-amsterdam
Apartment Laing's Nekstraat,            1092 KZ Amsterdam (Transvaalbuurt)        ,"                €2,350 per month            ",92 m²,4 rooms,Relocation Advisers B.V. ,https://www.pararius.com/real-estate-agents/amsterdam/relocation-advisers-b-v
Apartment Tweede Atjehstraat,            1094 LJ Amsterdam (Indische Buurt West)        ,"                €2,450 per month            ",100 m²,5 rooms,Rebid ,https://www.pararius.com/real-estate-agents/amsterdam/rebid
Apartment Haarlemmerweg 267 B,            1051 NW Amsterdam (Centrale Markt)        ,"                €1,995 per month            ",86 m²,3 rooms,Koops Makelaardij Amsterdam ,https://www.pararius.com/real-estate-agents/amsterdam/koops-makelaardij-amsterdam
House Zuideinde,            1035 PM Amsterdam (Oostzanerwerf)        ,"                €3,000 per month            ",200 m²,7 rooms,Out Amsterdam ,https://www.pararius.com/real-estate-agents/amsterdam/out-amsterdam
Apartment Jan Luijkenstraat,            1071 CK Amsterdam (Museumkwartier)        ,"                €7,000 per month            ",208 m²,6 rooms,Valerius Rentals ,https://www.pararius.com/real-estate-agents/amsterdam/valerius-rentals
Apartment Brouwersgracht 829,            1015 GK Amsterdam (Jordaan)        ,"                €3,450 per month            ",125 m²,4 rooms,AmsterHomes ,https://www.pararius.com/real-estate-agents/amsterdam/amsterhomes
Apartment Mary van der Sluisstraat 306,            1095 ME Amsterdam (Zeeburgereiland/Nieuwe Diep)        ,"                €1,800 per month            ",74 m²,3 rooms,KK Amsterdam ,https://www.pararius.com/real-estate-agents/diemen/kk-amsterdam
Apartment Vrijzicht 56,            1068 CE Amsterdam (Osdorp-Oost)        ,"                €1,892 per month            ",100 m²,3 rooms,Allround Housing ,https://www.pararius.com/real-estate-agents/amsterdam/allround-housing
Apartment Maasstraat 87 2,            1078 HG Amsterdam (Scheldebuurt)        ,"                €2,450 per month            ",67 m²,3 rooms,Renthouse Vastgoed ,https://www.pararius.com/real-estate-agents/amsterdam/renthouse-vastgoed
Apartment Prinsengracht,            1016 HP Amsterdam (Grachtengordel-West)        ,"                €6,000 per month            ",177 m²,4 rooms,NOORESTATE ,https://www.pararius.com/real-estate-agents/amsterdam/noorestate-amsterdam
Apartment Biesboschstraat,            1078 MS Amsterdam (Scheldebuurt)        ,"                €1,200 per month            ",39 m²,2 rooms,Tolsma Vastgoed Beheer ,https://www.pararius.com/real-estate-agents/amsterdam/tolsma-vastgoed-beheer
Apartment Grensstraat 18 2,            1091 SZ Amsterdam (Weesperzijde)        ,"                €1,850 per month            ",65 m²,2 rooms,Henk Burger Makelaardij ,https://www.pararius.com/real-estate-agents/amstelveen/henk-burger-makelaardij
Apartment Van Suchtelen van de Haarestraat 26,            1068 GV Amsterdam (Osdorp-Oost)        ,"                €2,100 per month            ",82 m²,4 rooms,ViaDaan ,https://www.pararius.com/real-estate-agents/eindhoven/viadaan-nijmegen
Apartment Orteliusstraat 180 3,            1057 BK Amsterdam (Hoofdweg e.o.)        ,"                €2,450 per month            ",87 m²,4 rooms,Grand Relocation ,https://www.pararius.com/real-estate-agents/amsterdam/grand-relocation
Apartment Witte de Withstraat,            1057 ZK Amsterdam (Chassébuurt)        ,"                €6,000 per month            ",125 m²,4 rooms,I-housing ,https://www.pararius.com/real-estate-agents/amsterdam/i-housing
Apartment Tweede Van der Helststraat,            1073 AE Amsterdam (Nieuwe Pijp)        ,"                €2,450 per month            ",65 m²,3 rooms,Van Maarschalkerwaart Makelaars ,https://www.pararius.com/real-estate-agents/amsterdam/van-maarschalkerwaart-makelaars
Apartment Cornelis Schuytstraat,            1071 JG Amsterdam (Museumkwartier)        ,"                €8,250 per month            ",150 m²,3 rooms,TVN Real Estate ,https://www.pararius.com/real-estate-agents/amsterdam/tvn-real-estate
Apartment Oeverpad 173,            1068 PH Amsterdam (Osdorp-Oost)        ,"                €2,500 per month            ",122 m²,4 rooms,JLG Real Estate ,https://www.pararius.com/real-estate-agents/amsterdam/jlg-real-estate
Apartment Vondelstraat 170 II,            1054 GV Amsterdam (Vondelbuurt)        ,"                €2,400 per month            ",91 m²,3 rooms,Voogd Makelaardij ,https://www.pararius.com/real-estate-agents/amsterdam/voogd-makelaardij
Apartment Groenhoedenveem,            1019 HM Amsterdam (Oostelijk Havengebied)        ,"                €2,750 per month            ",137 m²,3 rooms,Engel en Volkers Amsterdam Centrum ,https://www.pararius.com/real-estate-agents/amsterdam/engel-en-volkers-amsterdam-centrum
Apartment Albrecht Dürerstraat,            1077 LS Amsterdam (Apollobuurt)        ,"                €2,850 per month            ",130 m²,5 rooms,CS Housing ,https://www.pararius.com/real-estate-agents/amsterdam/cs-housing
Apartment Nassaukade 15 IV,            1052 CG Amsterdam (Staatsliedenbuurt)        ,"                €1,550 per month            ",35 m²,2 rooms,Makelaarshuis Amsterdam - Zaanstad ,https://www.pararius.com/real-estate-agents/amsterdam/makelaarshuis-amsterdam-zaanstad
Apartment Leen Jongewaardkade,            1031 HS Amsterdam (Noordelijke IJ-oevers West)        ,"                €2,950 per month            ",150 m²,5 rooms,Hausing ,https://www.pararius.com/real-estate-agents/amsterdam/hausing
Apartment Rozengracht,            1016 SZ Amsterdam (Jordaan)        ,"                €2,800 per month            ",80 m²,2 rooms,Expats. Amsterdam Rentals ,https://www.pararius.com/real-estate-agents/amsterdam/expats-amsterdam-rentals-2
Apartment Vespuccistraat,            1056 SJ Amsterdam (Van Galenbuurt)        ,"                €1,950 per month            ",60 m²,2 rooms,Expat Rentals Amsterdam ,https://www.pararius.com/real-estate-agents/amsterdam/expat-rentals-amsterdam
Apartment Memeleiland,            1014 ZL Amsterdam (Houthavens)        ,"                €2,150 per month            ",75 m²,3 rooms,Expats. Amsterdam Rentals ,https://www.pararius.com/real-estate-agents/amsterdam/expats-amsterdam-rentals-2
Apartment Achtersteven,            1034 VC Amsterdam (Banne Buiksloot)        ,"                €1,500 per month            ",80 m²,2 rooms,Rebid ,https://www.pararius.com/real-estate-agents/amsterdam/rebid
Apartment Badhuiskade,            1031 KV Amsterdam (Noordelijke IJ-oevers West)        ,"                €2,900 per month            ",80 m²,3 rooms,Rebid ,https://www.pararius.com/real-estate-agents/amsterdam/rebid
Apartment De Lierhof,            1059 WC Amsterdam (Westlandgracht)        ,"                €2,500 per month            ",120 m²,3 rooms,Interhouse verhuurmakelaars Amsterdam ,https://www.pararius.com/real-estate-agents/amsterdam/interhouse-verhuurmakelaars-amsterdam
House Karnstraat,            1097 XC Amsterdam (Betondorp)        ,"                €2,000 per month            ",80 m²,4 rooms,Rosmuller Makelaars ,https://www.pararius.com/real-estate-agents/amsterdam/rosmuller-makelaars
Apartment Marnixstraat,            1016 TC Amsterdam (Jordaan)        ,"                €5,500 per month            ",143 m²,3 rooms,City Housing Amsterdam ,https://www.pararius.com/real-estate-agents/amsterdam/city-housing-amsterdam
House Aalbersestraat 7,            1067 GB Amsterdam (Geuzenveld)        ,"                €2,500 per month            ",104 m²,5 rooms,LDB Makelaardij ,https://www.pararius.com/real-estate-agents/amsterdam/ldb-makelaardij
Apartment Brouwersgracht,            1013 HD Amsterdam (Haarlemmerbuurt)        ,"                €2,750 per month            ",135 m²,3 rooms,Grand Apartments Amsterdam ,https://www.pararius.com/real-estate-agents/amsterdam/grand-apartments-amsterdam
Apartment Eerste Sweelinckstraat,            1073 CM Amsterdam (Oude Pijp)        ,"                €2,350 per month            ",91 m²,4 rooms,BIC Makelaardij ,https://www.pararius.com/real-estate-agents/amsterdam/bic-makelaardij
Apartment Graafschapstraat,            1079 PE Amsterdam (Scheldebuurt)        ,"                €3,250 per month            ",163 m²,5 rooms,Amstel Housing Amsterdam ,https://www.pararius.com/real-estate-agents/amstelveen/amstel-housing-amsterdam
Apartment Westerdok,            1013 BV Amsterdam (Haarlemmerbuurt)        ,"                €2,100 per month            ",90 m²,3 rooms,Alcoco.nl ,https://www.pararius.com/real-estate-agents/amsterdam/alcoco-nl
Apartment Lange Leidsedwarsstraat,            1017 NL Amsterdam (De Weteringschans)        ,"                €1,900 per month            ",50 m²,2 rooms,Oei Housing Amsterdam - Expat Apartments ,https://www.pararius.com/real-estate-agents/amsterdam/oei-housing-amsterdam-expat-apartments
Studio Holendrechtstraat,            1078 TT Amsterdam (IJselbuurt)        ,"                €1,605 per month            ",40 m²,1 room,Humij B.V. ,https://www.pararius.com/real-estate-agents/amsterdam/humij-b-v
Apartment Gietersstraat,            1015 HB Amsterdam (Jordaan)        ,"                €3,495 per month            ",100 m²,2 rooms,Oei Housing Amsterdam - Expat Apartments ,https://www.pararius.com/real-estate-agents/amsterdam/oei-housing-amsterdam-expat-apartments
Apartment Singel,            1016 AE Amsterdam (Grachtengordel-West)        ,"                €2,195 per month            ",75 m²,4 rooms,Interhouse verhuurmakelaars Amsterdam ,https://www.pararius.com/real-estate-agents/amsterdam/interhouse-verhuurmakelaars-amsterdam
Apartment Claus van Amsbergstraat,"            1102 AZ Amsterdam (Bijlmer Centrum (D,F,H))        ","                €2,500 per month            ",139 m²,4 rooms,Expats. Amsterdam Rentals ,https://www.pararius.com/real-estate-agents/amsterdam/expats-amsterdam-rentals-2
Apartment Nieuwezijds Voorburgwal 308 E,            1012 RV Amsterdam (Burgwallen-Nieuwe Zijde)        ,"                €2,500 per month            ",96 m²,3 rooms,Amsterdam Housing ,https://www.pararius.com/real-estate-agents/amsterdam/amsterdam-housing
Apartment Graafschapstraat 28,            1079 PE Amsterdam (Scheldebuurt)        ,"                €2,400 per month            ",95 m²,3 rooms,Forte Makelaars ,https://www.pararius.com/real-estate-agents/amstelveen/forte-makelaars
Apartment Stolwijkstraat,            1059 XS Amsterdam (Hoofddorppleinbuurt)        ,"                €2,500 per month            ",102 m²,4 rooms,HB Housing ,https://www.pararius.com/real-estate-agents/amsterdam/hb-housing-amsterdam
Apartment Boutenburg,            1068 ZE Amsterdam (Osdorp-Oost)        ,"                €1,650 per month            ",67 m²,3 rooms,HB Housing ,https://www.pararius.com/real-estate-agents/amsterdam/hb-housing-amsterdam
Apartment Nieuwe Achtergracht,            1018 WS Amsterdam (Weesperbuurt/Plantage)        ,"                €2,450 per month            ",115 m²,4 rooms,Koops Makelaardij Amsterdam ,https://www.pararius.com/real-estate-agents/amsterdam/koops-makelaardij-amsterdam-2
Apartment Deurloostraat,            1078 JG Amsterdam (Scheldebuurt)        ,"                €4,000 per month            ",90 m²,3 rooms,I-housing ,https://www.pararius.com/real-estate-agents/amsterdam/i-housing
Apartment Titiaanstraat,            1077 RL Amsterdam (Apollobuurt)        ,"                €5,000 per month            ",171 m²,7 rooms,Von Poll Real Estate - Zuidas ,https://www.pararius.com/real-estate-agents/amsterdam/von-poll-real-estate-zuidas
Apartment Javakade 142,            1019 RW Amsterdam (Oostelijk Havengebied)        ,"                €2,250 per month            ",123 m²,4 rooms,Isaak Makelaardij o.g. B.V. ,https://www.pararius.com/real-estate-agents/amsterdam/isaak-makelaardij-o-g-b-v-amsterdam
Apartment Achillesstraat 124,            1076 RJ Amsterdam (Stadionbuurt)        ,"                €2,400 per month            ",95 m²,3 rooms,Jaap Admiraal makelaardij B.V. ,https://www.pararius.com/real-estate-agents/amsterdam/jaap-admiraal-makelaardij-b-v
Apartment Rustenburgerstraat,            1072 GX Amsterdam (Nieuwe Pijp)        ,"                €2,100 per month            ",62 m²,3 rooms,Valerius Rentals ,https://www.pararius.com/real-estate-agents/amsterdam/valerius-rentals
Apartment IJburglaan 587,            1087 BS Amsterdam (IJburg West)        ,"                €1,650 per month            ",93 m²,3 rooms,Linger OG ,https://www.pararius.com/real-estate-agents/amsterdam/linger-og
Apartment Noordermarkt 13 2,            1015 MX Amsterdam (Jordaan)        ,"                €3,500 per month            ",122 m²,3 rooms,Holland Home Management ,https://www.pararius.com/real-estate-agents/amsterdam/holland-home-management
Apartment Leliegracht,            1015 DE Amsterdam (Grachtengordel-West)        ,"                €2,450 per month            ",80 m²,3 rooms,Expatservice Amsterdam ,https://www.pararius.com/real-estate-agents/amsterdam/expatservice-amsterdam
Apartment Pretoriusstraat,            1092 EX Amsterdam (Transvaalbuurt)        ,"                €1,695 per month            ",65 m²,2 rooms,City Homes ,https://www.pararius.com/real-estate-agents/amsterdam/amsterdam-city-homes
Apartment Oostenburgervoorstraat,            1018 MN Amsterdam (Oostelijke Eilanden/Kadijken)        ,"                €3,950 per month            ",140 m²,4 rooms,Oei Housing Amsterdam - Expat Apartments ,https://www.pararius.com/real-estate-agents/amsterdam/oei-housing-amsterdam-expat-apartments
Apartment Van Ostadestraat,            1072 TG Amsterdam (Nieuwe Pijp)        ,"                €5,500 per month            ",180 m²,5 rooms,Brixt ,https://www.pararius.com/real-estate-agents/amsterdam-duivendrecht/brixt
Apartment Valkenburgerstraat,            1011 NC Amsterdam (Nieuwmarkt/Lastage)        ,"                €2,500 per month            ",85 m²,3 rooms,Von Poll Real Estate - Centrum ,https://www.pararius.com/real-estate-agents/amsterdam/von-poll-real-estate-centrum
Apartment Jan Hanzenstraat,            1053 SK Amsterdam (Kinkerbuurt)        ,"                €1,700 per month            ",48 m²,2 rooms,BIC Makelaardij ,https://www.pararius.com/real-estate-agents/amsterdam/bic-makelaardij
Apartment Wenslauerstraat,            1053 BA Amsterdam (Kinkerbuurt)        ,"                €1,700 per month            ",38 m²,2 rooms,BIC Makelaardij ,https://www.pararius.com/real-estate-agents/amsterdam/bic-makelaardij
Apartment Vechtstraat 184 HS,            1079 JW Amsterdam (Rijnbuurt)        ,"                €1,850 per month            ",92 m²,3 rooms,Rent a Stone ,https://www.pararius.com/real-estate-agents/den-haag/rent-a-stone
Apartment Marnixstraat,            1016 TC Amsterdam (Jordaan)        ,"                €5,500 per month            ",143 m²,3 rooms,City Housing Amsterdam ,https://www.pararius.com/real-estate-agents/amsterdam/city-housing-amsterdam
Apartment Overtoom 545 C+D,            1054 LK Amsterdam (Overtoomse Sluis)        ,"                €9,500 per month            ",183 m²,4 rooms,AmsterHomes ,https://www.pararius.com/real-estate-agents/amsterdam/amsterhomes
Apartment Weissenbruchstraat,            1058 KM Amsterdam (Hoofddorppleinbuurt)        ,"                €3,150 per month            ",110 m²,4 rooms,Relocation-Amsterdam ,https://www.pararius.com/real-estate-agents/amsterdam/relocation-amsterdam
Apartment Nieuwe Leliestraat,            1015 HE Amsterdam (Jordaan)        ,"                €2,150 per month            ",80 m²,3 rooms,My Amsterdam Apartments ,https://www.pararius.com/real-estate-agents/amsterdam/my-amsterdam-apartments
House Buikslotermeerdijk,            1025 WH Amsterdam (Elzenhagen)        ,"                €3,100 per month            ",128 m²,7 rooms,Bridgepartners ,https://www.pararius.com/real-estate-agents/schiphol/bridgepartners
Apartment Warmoesstraat 44 C,            1012 JE Amsterdam (Burgwallen-Oude Zijde)        ,"                €2,350 per month            ",60 m²,2 rooms,MA Residences ,https://www.pararius.com/real-estate-agents/amsterdam/ma-residences
Apartment Singel,            1016 AA Amsterdam (Grachtengordel-West)        ,"                €2,850 per month            ",81 m²,3 rooms,Dutch Real Estate Company ,https://www.pararius.com/real-estate-agents/amsterdam/dutch-real-estate-company
Apartment Onstein,            1082 KM Amsterdam (Buitenveldert-West)        ,"                €1,900 per month            ",85 m²,2 rooms,Friedmann Housing ,https://www.pararius.com/real-estate-agents/amsterdam/friedmann-housing
Apartment Stadionweg,            1077 SV Amsterdam (Apollobuurt)        ,"                €1,850 per month            ",48 m²,2 rooms,HB Housing ,https://www.pararius.com/real-estate-agents/amsterdam/hb-housing-amsterdam
Apartment KNSM-laan 685,            1019 LH Amsterdam (Oostelijk Havengebied)        ,"                €1,950 per month            ",106 m²,3 rooms,Expat Rentals ,https://www.pararius.com/real-estate-agents/amsterdam/expat-rentals
Apartment Overschiestraat,            1062 HN Amsterdam (Westlandgracht)        ,"                €1,625 per month            ",65 m²,3 rooms,Vreeken Bast Real Estate ,https://www.pararius.com/real-estate-agents/amsterdam/vreeken-bast-real-estate
Apartment Utrechtsestraat 84 II,            1017 VR Amsterdam (Grachtengordel-Zuid)        ,"                €1,725 per month            ",67 m²,2 rooms,BrinkBorgh Makelaardij ,https://www.pararius.com/real-estate-agents/amsterdam/brinkborgh-makelaardij
House Dilsenstraat,            1066 KC Amsterdam (Sloter-/Riekerpolder)        ,"                €2,125 per month            ",141 m²,5 rooms,Expathousing.com (Amsterdam) ,https://www.pararius.com/real-estate-agents/amsterdam/expathousing-com-amsterdam
Apartment Dam,            1012 JS Amsterdam (Burgwallen-Oude Zijde)        ,"                €5,500 per month            ",125 m²,4 rooms,Out Amsterdam ,https://www.pararius.com/real-estate-agents/amsterdam/out-amsterdam
Apartment Weesperzijde,            1091 EB Amsterdam (Weesperzijde)        ,"                €3,300 per month            ",130 m²,3 rooms,Brixt ,https://www.pararius.com/real-estate-agents/amsterdam-duivendrecht/brixt
Apartment Omval,            1096 HR Amsterdam (Omval/Overamstel)        ,"                €2,300 per month            ",100 m²,3 rooms,Zen Home Rentals ,https://www.pararius.com/real-estate-agents/amsterdam/zen-home-rentals
Apartment Leerdamhof,            1108 BM Amsterdam (Nellestein)        ,"                €1,850 per month            ",70 m²,2 rooms,Domica Venlo ,https://www.pararius.com/real-estate-agents/venlo/domica-venlo
House Osdorperweg 910 A,            1067 TD Amsterdam (Lutkemeer/Ookmeer)        ,"                €3,750 per month            ",180 m²,4 rooms,The Rental Agency Amsterdam ,https://www.pararius.com/real-estate-agents/amsterdam/the-rental-agency-amsterdam
Apartment Pasteurstraat 43 hs,            1097 ES Amsterdam (Frankendael)        ,"                €2,995 per month            ",103 m²,4 rooms,De Graaf & Groot Makelaars ,https://www.pararius.com/real-estate-agents/amsterdam/de-graaf-groot-makelaars
Apartment Van 't Hofflaan 16 hs,            1097 EP Amsterdam (Frankendael)        ,"                €2,995 per month            ",103 m²,4 rooms,De Graaf & Groot Makelaars ,https://www.pararius.com/real-estate-agents/amsterdam/de-graaf-groot-makelaars
House Singel,            1012 VC Amsterdam (Burgwallen-Nieuwe Zijde)        ,"                €6,250 per month            ",200 m²,7 rooms,Von Poll Real Estate - Centrum ,https://www.pararius.com/real-estate-agents/amsterdam/von-poll-real-estate-centrum
Apartment Vrijheidslaan,            1079 KA Amsterdam (Rijnbuurt)        ,"                €1,850 per month            ",75 m²,2 rooms,Michiel Stolker Real Estate ,https://www.pararius.com/real-estate-agents/amsterdam/michiel-stolker-real-estate
Apartment Keizersstraat,            1011 GD Amsterdam (Nieuwmarkt/Lastage)        ,"                €2,500 per month            ",100 m²,3 rooms,Michiel Stolker Real Estate ,https://www.pararius.com/real-estate-agents/amsterdam/michiel-stolker-real-estate
Apartment Kloveniersburgwal,            1011 JW Amsterdam (Nieuwmarkt/Lastage)        ,"                €1,650 per month            ",60 m²,2 rooms,Michiel Stolker Real Estate ,https://www.pararius.com/real-estate-agents/amsterdam/michiel-stolker-real-estate
Apartment Kinderdijkstraat 10 H,            1079 GH Amsterdam (Scheldebuurt)        ,"                €2,150 per month            ",70 m²,3 rooms,FRIS Vastgoed Management ,https://www.pararius.com/real-estate-agents/amsterdam/fris-vastgoed-management-amsterdam
Apartment Haarlemmerweg 187 1,            1051 LB Amsterdam (Staatsliedenbuurt)        ,"                €1,725 per month            ",56 m²,2 rooms,Vastgoed Unie Makelaardij ,https://www.pararius.com/real-estate-agents/amsterdam/vastgoed-unie-makelaardij
Apartment Valeriusstraat,            1075 ER Amsterdam (Willemspark)        ,"                €3,000 per month            ",78 m²,4 rooms,Vondel Makelaars ,https://www.pararius.com/real-estate-agents/amsterdam/vondel-makelaars
Apartment Van Breestraat,            1071 ZN Amsterdam (Museumkwartier)        ,"                €6,750 per month            ",180 m²,5 rooms,Compass Housing Amsterdam ,https://www.pararius.com/real-estate-agents/amsterdam/compass-housing-amsterdam
Apartment Koninginneweg,            1075 CW Amsterdam (Willemspark)        ,"                €6,500 per month            ",217 m²,7 rooms,Keizerskroon makelaars ,https://www.pararius.com/real-estate-agents/amsterdam/keizerskroon-makelaars-2
Apartment Gaaspstraat,            1079 VB Amsterdam (Rijnbuurt)        ,"                €1,900 per month            ",50 m²,3 rooms,Oei Housing Amsterdam - Expat Apartments ,https://www.pararius.com/real-estate-agents/amsterdam/oei-housing-amsterdam-expat-apartments
Apartment Oostenburgervoorstraat 5 A,            1018 MN Amsterdam (Oostelijke Eilanden/Kadijken)        ,"                €3,000 per month            ",55 m²,2 rooms,Mid-stay Apartments ,https://www.pararius.com/real-estate-agents/amsterdam/mid-stay-apartments
Apartment Marnixstraat,            1016 TC Amsterdam (Jordaan)        ,"                €5,500 per month            ",143 m²,3 rooms,City Housing Amsterdam ,https://www.pararius.com/real-estate-agents/amsterdam/city-housing-amsterdam
Apartment Noorderstraat,            1017 TR Amsterdam (De Weteringschans)        ,"                €2,700 per month            ",90 m²,3 rooms,Listings ,https://www.pararius.com/real-estate-agents/amsterdam/listings
Apartment Gaasterlandstraat,            1079 RH Amsterdam (Scheldebuurt)        ,"                €5,900 per month            ",138 m²,4 rooms,Eefje Voogd Makelaardij ,https://www.pararius.com/real-estate-agents/amsterdam/eefje-voogd-makelaardij-2
Apartment Tilanusstraat,            1091 MZ Amsterdam (Oosterparkbuurt)        ,"                €1,850 per month            ",60 m²,3 rooms,Klok Real Estate ,https://www.pararius.com/real-estate-agents/amsterdam/klok-real-estate
Apartment Staringstraat,            1054 VR Amsterdam (Overtoomse Sluis)        ,"                €1,850 per month            ",82 m²,3 rooms,Michiel Stolker Real Estate ,https://www.pararius.com/real-estate-agents/amsterdam/michiel-stolker-real-estate
Apartment Bloemgracht,            1015 TJ Amsterdam (Jordaan)        ,"                €2,500 per month            ",87 m²,3 rooms,Michiel Stolker Real Estate ,https://www.pararius.com/real-estate-agents/amsterdam/michiel-stolker-real-estate
Apartment Reguliersgracht,            1017 LT Amsterdam (Grachtengordel-Zuid)        ,"                €2,750 per month            ",65 m²,3 rooms,Compass Housing Amsterdam ,https://www.pararius.com/real-estate-agents/amsterdam/compass-housing-amsterdam
Apartment Faas Wilkesstraat 113 F,            1095 MD Amsterdam (Zeeburgereiland/Nieuwe Diep)        ,"                €1,950 per month            ",90 m²,3 rooms,EHR Amsterdam ,https://www.pararius.com/real-estate-agents/amsterdam/ehr-amsterdam-2
Apartment Noorderstraat 80 D,            1017 TW Amsterdam (De Weteringschans)        ,"                €1,995 per month            ",80 m²,3 rooms,EHR Amsterdam ,https://www.pararius.com/real-estate-agents/amsterdam/ehr-amsterdam-2
Apartment Keizersgracht,            1016 DV Amsterdam (Grachtengordel-West)        ,"                €2,050 per month            ",62 m²,2 rooms,Michiel Stolker Real Estate ,https://www.pararius.com/real-estate-agents/amsterdam/michiel-stolker-real-estate
Apartment Huidekoperstraat,            1017 ZM Amsterdam (De Weteringschans)        ,"                €2,100 per month            ",75 m²,2 rooms,Michiel Stolker Real Estate ,https://www.pararius.com/real-estate-agents/amsterdam/michiel-stolker-real-estate
Apartment Haparandadam,            1013 AK Amsterdam (Houthavens)        ,"                €3,000 per month            ",128 m²,4 rooms,Michiel Stolker Real Estate ,https://www.pararius.com/real-estate-agents/amsterdam/michiel-stolker-real-estate
Apartment Bos en Lommerweg,            1055 EB Amsterdam (Landlust)        ,"                €1,775 per month            ",50 m²,2 rooms,VRC - Veth Realty & Consultancy BV ,https://www.pararius.com/real-estate-agents/haarlem/vrc-veth-realty-consultancy-bv
Apartment Krom Boomssloot,            1011 GR Amsterdam (Nieuwmarkt/Lastage)        ,"                €2,550 per month            ",110 m²,4 rooms,Expathousing.com (Amsterdam) ,https://www.pararius.com/real-estate-agents/amsterdam/expathousing-com-amsterdam
Apartment Staringstraat,            1054 VR Amsterdam (Overtoomse Sluis)        ,"                €1,450 per month            ",50 m²,2 rooms,Michiel Stolker Real Estate ,https://www.pararius.com/real-estate-agents/amsterdam/michiel-stolker-real-estate
Apartment Amsteldijk,            1074 HT Amsterdam (Oude Pijp)        ,"                €2,500 per month            ",79 m²,4 rooms,BIC Makelaardij ,https://www.pararius.com/real-estate-agents/amsterdam/bic-makelaardij
House Weesperzijde,            1091 EB Amsterdam (Weesperzijde)        ,"                €3,600 per month            ",130 m²,4 rooms,Brixt ,https://www.pararius.com/real-estate-agents/amsterdam-duivendrecht/brixt
Apartment Rijswijkstraat 99,            1062 ES Amsterdam (Westlandgracht)        ,"                €1,550 per month            ",55 m²,2 rooms,Koops Makelaardij Amsterdam ,https://www.pararius.com/real-estate-agents/amsterdam/koops-makelaardij-amsterdam
Apartment Lekstraat,            1079 EX Amsterdam (Scheldebuurt)        ,"                €1,350 per month            ",38 m²,2 rooms,RKZ Makelaars ,https://www.pararius.com/real-estate-agents/amsterdam/rkz-makelaars
Apartment Pontsteiger,            1014 ZP Amsterdam (Houthavens)        ,"                €3,950 per month            ",147 m²,3 rooms,Ramón Mossel Makelaardij ,https://www.pararius.com/real-estate-agents/amsterdam/ramon-mossel-makelaardij-amsterdam-2
Apartment Frederiksstraat 17 H,            1054 LA Amsterdam (Overtoomse Sluis)        ,"                €3,750 per month            ",135 m²,6 rooms,DSTRCT Amsterdam ,https://www.pararius.com/real-estate-agents/amsterdam/dstrct-amsterdam
Apartment Amazonenstraat 65 bov,            1076 LH Amsterdam (Stadionbuurt)        ,"                €2,500 per month            ",90 m²,3 rooms,Recourt Makelaars ,https://www.pararius.com/real-estate-agents/amsterdam/recourt-makelaars
Apartment Ferdinand Bolstraat 16 B,            1072 LJ Amsterdam (Oude Pijp)        ,"                €2,750 per month            ",93 m²,3 rooms,Huizenbalie.nl ,https://www.pararius.com/real-estate-agents/tilburg/huizenbalie-nl
Apartment Weteringschans,            1017 RX Amsterdam (De Weteringschans)        ,"                €2,295 per month            ",70 m²,2 rooms,Relocation-Amsterdam ,https://www.pararius.com/real-estate-agents/amsterdam/relocation-amsterdam
Apartment Winterjanpad,            1036 KN Amsterdam (Tuindorp Oostzaan)        ,"                €1,695 per month            ",60 m²,2 rooms,City Homes ,https://www.pararius.com/real-estate-agents/amsterdam/amsterdam-city-homes
Apartment Prinsengracht,            1016 GX Amsterdam (Grachtengordel-West)        ,"                €3,950 per month            ",120 m²,3 rooms,City Homes ,https://www.pararius.com/real-estate-agents/amsterdam/amsterdam-city-homes
Apartment Van Oldenbarneveldtstraat,            1052 KC Amsterdam (Frederik Hendrikbuurt)        ,"                €2,000 per month            ",65 m²,2 rooms,City Homes ,https://www.pararius.com/real-estate-agents/amsterdam/amsterdam-city-homes
House Mr. P.N. Arntzeniusweg 26,            1098 GR Amsterdam (Middenmeer)        ,"                €3,100 per month            ",120 m²,5 rooms,Grand Relocation ,https://www.pararius.com/real-estate-agents/amsterdam/grand-relocation
Apartment Nieuwezijds Voorburgwal 299,            1012 RM Amsterdam (Burgwallen-Nieuwe Zijde)        ,"                €3,995 per month            ",115 m²,3 rooms,Alcoco.nl ,https://www.pararius.com/real-estate-agents/amsterdam/alcoco-nl
Apartment Valeriusstraat,            1075 GN Amsterdam (Willemspark)        ,"                €4,950 per month            ",134 m²,5 rooms,Homecrew ,https://www.pararius.com/real-estate-agents/amsterdam/homecrew
House Galileïplantsoen 32,            1098 NA Amsterdam (Middenmeer)        ,"                €3,000 per month            ",140 m²,6 rooms,Broersma Makelaardij ,https://www.pararius.com/real-estate-agents/amsterdam/broersma-makelaardij
